0,1,2,3,4,counts
info.delaware.pro,en-be,downloads,digital-finance-transformation-e-book,,1
info.delaware.pro,en-be,e-book-microsoft-dynamics-365,,,1
info.delaware.pro,en-be,ebook-building-digital-workplace,,,1
info.delaware.pro,en-be,ebook-how-to-empower-your-employees-and-keep-up-with-technology,,,1
info.delaware.pro,en-be,how-to-build-a-future-proof-employee-experience-roadmap,,,1
info.delaware.pro,en-be,report-industry-40-in-belgium,,,1
store.delaware.pro,en-BE,,,,1
www.delaware.pro,en-be,about-us,,,1
www.delaware.pro,en-be,about-us,corporate-social-responsibility-living-our-values,,1
www.delaware.pro,en-be,about-us,refreshed-brand,,1
www.delaware.pro,en-be,blogs,,,1
www.delaware.pro,en-be,blogs,2020-vat-changes-how-to-prepare-for-mandatory-vat-id-identification,,1
www.delaware.pro,en-be,blogs,2030-disruptive-technology-trends-in-the-automotive-industry,,1
www.delaware.pro,en-be,blogs,3-misconceptions-about-lot-size-one,,1
www.delaware.pro,en-be,blogs,3-reasons-for-cfos-go-cloud-enterprise-architecture,,1
www.delaware.pro,en-be,blogs,4-reasons-to-go-hands-on-with-microsoft-power-platform,,1
www.delaware.pro,en-be,blogs,5-tips-to-avoid-a-clunky-erp-change-journey,,1
www.delaware.pro,en-be,blogs,5-ways-delawares-workspaces-solution-for-teams-can-increase-productivity,,1
www.delaware.pro,en-be,blogs,6-reasons-to-embrace-integrated-business-planning,,1
www.delaware.pro,en-be,blogs,7-challenges-of-robotics-and-ai-in-the-workplace,,1
www.delaware.pro,en-be,blogs,a-better-steak-on-your-plate-thanks-to-blockchain,,1
www.delaware.pro,en-be,blogs,a-central-work-hub-for-all-of-your-employees-dream-or-reality,,1
www.delaware.pro,en-be,blogs,a-culture-of-change-that-supports-continuous-transformation-yes-you-can,,1
www.delaware.pro,en-be,blogs,a-new-content-marketing-strategy--this-is-how-we-tell-your-story,,1
www.delaware.pro,en-be,blogs,adieu-big-brother-here-are-the-new-privacy-rules,,1
www.delaware.pro,en-be,blogs,ai-in-finance-start-fast-with-out-of-the-box-applications,,1
www.delaware.pro,en-be,blogs,app-modernization-software-health-vs-business-impact,,1
www.delaware.pro,en-be,blogs,are-your-cloud-based-collaboration-tools-huge-security-risks,,1
www.delaware.pro,en-be,blogs,artificial-intelligence-treasure-or-threat,,1
www.delaware.pro,en-be,blogs,assessing-the-impact-of-data-center-migration-on-it-business-and-governance,,1
www.delaware.pro,en-be,blogs,beacons-meet-hybris-marketing-match-made-in-heaven,,1
www.delaware.pro,en-be,blogs,budgeting-and-forecasting-in-vena-webinar-recap,,1
www.delaware.pro,en-be,blogs,can-you-do-that-hr-it-and-covid-19-vaccinations,,1
www.delaware.pro,en-be,blogs,cfos-heres-how-you-can-benefit-from-an-enterprise-wide-data-platform,,1
www.delaware.pro,en-be,blogs,checking-in-with-remote-employees-during-covid,,1
www.delaware.pro,en-be,blogs,cloud-watch-service-keeping-pace-with-the-potential-of-cloud-service-breakthroughs,,1
www.delaware.pro,en-be,blogs,compliance-from-financial-burden-to-competitive-advantage,,1
www.delaware.pro,en-be,blogs,connected-field-service-easily-connect-iot-devices-with-microsoft-dynamics,,1
www.delaware.pro,en-be,blogs,connecting-the-dots-hybrid-integration-as-a-path-to-the-future,,1
www.delaware.pro,en-be,blogs,connecting-with-the-customer-when-data-is-king,,1
www.delaware.pro,en-be,blogs,covid-19-impact-on-the-cfo-office-in-belgium--nonprofits,,1
www.delaware.pro,en-be,blogs,covid-19-impact-on-the-cfo-office-in-belgium--transport-and-logistics,,1
www.delaware.pro,en-be,blogs,covid-19s-impact-on-the-cfo-office-in-belgium--manufacturing,,1
www.delaware.pro,en-be,blogs,covid-19s-impact-on-the-cfo-office-in-belgium--professional-services,,1
www.delaware.pro,en-be,blogs,creating-the-hybrid-workplace-that-fits-your-organization,,1
www.delaware.pro,en-be,blogs,customer-data-platforms-adding-intelligence-to-crm,,1
www.delaware.pro,en-be,blogs,customer-experience-meets-employee-experience-do-you-have-a-structured-digital-transformation-plan,,1
www.delaware.pro,en-be,blogs,cx-fsm-connect-helps-you-provide-better-service-to-your-customer,,1
www.delaware.pro,en-be,blogs,data-as-an-asset-leveraging-the-full-power-of-data-management,,1
www.delaware.pro,en-be,blogs,data-economy-cultivating-the-true-value-of-insights,,1
www.delaware.pro,en-be,blogs,del20-an-adapted-launch-that-proved-a-success,,1
www.delaware.pro,en-be,blogs,del20-in-2019-more-exciting-experiments-to-boost-business-success,,1
www.delaware.pro,en-be,blogs,del20-in-2020-a-year-of-infectious-innovation,,1
www.delaware.pro,en-be,blogs,del20-in-2021-a-vaccine-against-innovation-impasse,,1
www.delaware.pro,en-be,blogs,del20-second-edition-innovating-together-with-customers,,1
www.delaware.pro,en-be,blogs,del20-the-ecosystem-that-gives-innovation-a-fighting-chance,,1
www.delaware.pro,en-be,blogs,delaware-co-driver-of-a-connected-vertigo,,1
www.delaware.pro,en-be,blogs,delaware-integration-monitor-opening-the-black-box-of-integration,,1
www.delaware.pro,en-be,blogs,delaware-net-developers-proudly-share-their-expertise-at-devday,,1
www.delaware.pro,en-be,blogs,delawares-sap-s-4hana-roll-out-in-the-spotlight,,1
www.delaware.pro,en-be,blogs,deme-standardizes-and-automates-ict-in-finance,,1
www.delaware.pro,en-be,blogs,design-systems-creating-consistent-cross-channel-customer-experiences,,1
www.delaware.pro,en-be,blogs,devsecops-putting-security-first-in-your-organization,,1
www.delaware.pro,en-be,blogs,digital-procurement-optimizing-the-purchasing-process-to-create-value,,1
www.delaware.pro,en-be,blogs,discover-6-benefits-of-low-code-rad,,1
www.delaware.pro,en-be,blogs,discover-how-blockchain-technology-transforms-supply-chains,,1
www.delaware.pro,en-be,blogs,discover-the-uses-of-augmented-reality-ar-in-industry-4,,1
www.delaware.pro,en-be,blogs,discover-why-user-experience-online-is-more-important-than-ever,,1
www.delaware.pro,en-be,blogs,dont-go-it-alone-why-an-sap-to-azure-migration-partner-is-a-good-idea,,1
www.delaware.pro,en-be,blogs,dynamics-finance-and-operations-how-can-it-help-you-as-a-cfo-drive-efficiency-and-value,,1
www.delaware.pro,en-be,blogs,effortless-experience-in-practice-the-architecture-behind-great-customer-interactions,,1
www.delaware.pro,en-be,blogs,empowering-s-op-with-a-dynamic-approach-to-cost-to-serve,,1
www.delaware.pro,en-be,blogs,enhance-your-erp-creating-the-right-constellation-for-your-business,,1
www.delaware.pro,en-be,blogs,exploring-the-added-value-of-a-data-platform-a-business-case,,1
www.delaware.pro,en-be,blogs,exploring-the-value-add-of-advanced-technology-for-your-finance-organization,,1
www.delaware.pro,en-be,blogs,fast-secure-and-scalable-how-business-and-it-win-with-hybrid-low-code-development,,1
www.delaware.pro,en-be,blogs,financial-reporting-and-analytics-made-easy-with-ms-dynamics,,1
www.delaware.pro,en-be,blogs,five-tips-for-getting-corporate-transparency-right,,1
www.delaware.pro,en-be,blogs,five-tips-for-smart-marketing-and-sales-and-yes-ai-does-help,,1
www.delaware.pro,en-be,blogs,four-reasons-for-cfos-to-transition-to-sap-s-4hana,,1
www.delaware.pro,en-be,blogs,from-unstructured-content-to-smart-content,,1
www.delaware.pro,en-be,blogs,future-proof-your-business-today-with-dynamics,,1
www.delaware.pro,en-be,blogs,future-proofing-your-it-landscape-the-art-of-enterprise-architecture,,1
www.delaware.pro,en-be,blogs,gdpr-its-all-about-people,,1
www.delaware.pro,en-be,blogs,going-to-the-cloud-combining-sap-and-microsoft,,1
www.delaware.pro,en-be,blogs,greenfield-brownfield-hybrid-or-bluefield-pick-your-path-to-sap-s-4hana,,1
www.delaware.pro,en-be,blogs,guided-selling-in-the-sap-commerce-telco-accelerator,,1
www.delaware.pro,en-be,blogs,helping-professionals-and-students-broaden-their-knowledge,,1
www.delaware.pro,en-be,blogs,how-business-transformation-impacts-finance--and-how-to-get-ready,,1
www.delaware.pro,en-be,blogs,how-can-the-workplace-make-you-awesome,,1
www.delaware.pro,en-be,blogs,how-cloud-based-software-and-the-right-enterprise-architecture-help-cfos-manage-complexity,,1
www.delaware.pro,en-be,blogs,how-collaborative-asset-management-benefits-operators-and-oems,,1
www.delaware.pro,en-be,blogs,how-connected-vehicles-drive-business-value,,1
www.delaware.pro,en-be,blogs,how-cost-to-serve-helps-cfos-deliver-true-business-value,,1
www.delaware.pro,en-be,blogs,how-crodeon-and-delaware-make-iot-more-accessible,,1
www.delaware.pro,en-be,blogs,how-customer-and-employee-experience-reinforce-one-another,,1
www.delaware.pro,en-be,blogs,how-data-governance-ensures-data-security-and-compliance,,1
www.delaware.pro,en-be,blogs,how-delaware-helps-the-agoria-solar-team-improve-its-project-management,,1
www.delaware.pro,en-be,blogs,how-delaware-is-embracing-the-self-driven-back-office,,1
www.delaware.pro,en-be,blogs,how-digitalization-helps-smes-tackle-uncertainty,,1
www.delaware.pro,en-be,blogs,how-mass-customization-redefines-the-nature-of-your-business,,1
www.delaware.pro,en-be,blogs,how-master-data-management-drives-business-success,,1
www.delaware.pro,en-be,blogs,how-rpa-cuts-the-administration-from-financial-reporting,,1
www.delaware.pro,en-be,blogs,how-sap-s-4hana-brings-value-to-your-finance-organization,,1
www.delaware.pro,en-be,blogs,how-sap-s-4hana-helps-you-transform-financial-analytics-and-reporting,,1
www.delaware.pro,en-be,blogs,how-the-agoria-solar-team-ensures-its-place-in-the-sun-with-ai,,1
www.delaware.pro,en-be,blogs,how-this-pandemic-can-trigger-a-better-organization-of-the-digital-workplace,,1
www.delaware.pro,en-be,blogs,how-to-make-it-great-again,,1
www.delaware.pro,en-be,blogs,how-to-prepare-for-your-sap-commerce-cloud-migration,,1
www.delaware.pro,en-be,blogs,how-to-shine-online-our-top-tips-for-success-on-linkedin,,1
www.delaware.pro,en-be,blogs,how-to-tackle-learning-on-the-digital-work-floor-differently,,1
www.delaware.pro,en-be,blogs,how-transitioning-sap-to-the-cloud-will-boost-business-innovation,,1
www.delaware.pro,en-be,blogs,how-we-help-uccl-prepare-erp-consultants-for-the-future,,1
www.delaware.pro,en-be,blogs,how-we-shifted-towards-a-new-content-marketing-model-and-strategy-and-what-that-can-mean-to-you,,1
www.delaware.pro,en-be,blogs,industry-4-0-a-tailored-overview-for-business-leaders,,1
www.delaware.pro,en-be,blogs,industry-4-0-and-ai-how-your-business-strategy-impacts-your-ai-strategy,,1
www.delaware.pro,en-be,blogs,industry-4-0-in-belgium-the-state-of-innovation-report,,1
www.delaware.pro,en-be,blogs,integrated-business-planning-for-cfos-where-do-you-begin,,1
www.delaware.pro,en-be,blogs,internet-of-things-how-big-is-the-next-big-thing,,1
www.delaware.pro,en-be,blogs,introducing-bluefield-pushing-the-limits-of-s-4hana-migration,,1
www.delaware.pro,en-be,blogs,is-s-op-ready-to-leave-its-supply-chain-nest,,1
www.delaware.pro,en-be,blogs,is-your-business-ready-for-post-brexit-customs-communications,,1
www.delaware.pro,en-be,blogs,isabel-connect-put-a-multibanking-engine-in-your-erp,,1
www.delaware.pro,en-be,blogs,keep-a-sharp-eye-on-the-gdpr-theres-a-new-sheriff-in-town,,1
www.delaware.pro,en-be,blogs,kickstart-your-s-4-hana-journey-discover-our-fast-approach,,1
www.delaware.pro,en-be,blogs,kickstarting-your-cloud-journey,,1
www.delaware.pro,en-be,blogs,microsoft-azure-synapse-one-data-platform-to-rule-them-all,,1
www.delaware.pro,en-be,blogs,microsoft-dynamics-365-a-deep-dive-into-the-most-important-features,,1
www.delaware.pro,en-be,blogs,migrating-to-sap-s-4hana-3-myths-debunked,,1
www.delaware.pro,en-be,blogs,mobile-apps-what-s-next,,1
www.delaware.pro,en-be,blogs,navigating-a-digitally-transformed-finance-landscape,,1
www.delaware.pro,en-be,blogs,next-level-controlling-enriching-accounting-with-new-insights,,1
www.delaware.pro,en-be,blogs,on-tomorrows-doorstep-innovation-as-a-service-fair-data-and-benefiting-from-failure-and-start-up,,1
www.delaware.pro,en-be,blogs,optimize-your-finance-organization-with-microsoft-dynamics-365-concrete-examples,,1
www.delaware.pro,en-be,blogs,our-3-favorite-tools-for-video-marketing--a-review,,1
www.delaware.pro,en-be,blogs,password-hygiene-a-necessary-skill-in-the-digital-age,,1
www.delaware.pro,en-be,blogs,path-to-the-top-of-mount-people-analytics-report-stories,,1
www.delaware.pro,en-be,blogs,pepper-is-dressing-up-for-hype-o-dream,,1
www.delaware.pro,en-be,blogs,planning-ahead-how-to-prepare-your-company-for-brexit,,1
www.delaware.pro,en-be,blogs,platform-as-a-service-it-s-here-and-its-the-future-of-analytics,,1
www.delaware.pro,en-be,blogs,preparing-for-gdpr-made-easier-with-the-support-of-delaware-and-sap,,1
www.delaware.pro,en-be,blogs,preparing-your-erp-system-for-brexit-tips-and-tricks,,1
www.delaware.pro,en-be,blogs,preventing-business-process-downtime-with-automated-testing,,1
www.delaware.pro,en-be,blogs,product-compliance-how-we-helped-agristo-calculate-and-communicate-the-nutri-score,,1
www.delaware.pro,en-be,blogs,quantum-computing-for-realists-cracking-the-optimization-code,,1
www.delaware.pro,en-be,blogs,remote-working-via-teams-3-best-practices,,1
www.delaware.pro,en-be,blogs,return-on-information-the-age-of-intelligent-information-management,,1
www.delaware.pro,en-be,blogs,sales-excellence-on-the-road-to-effortless-experience,,1
www.delaware.pro,en-be,blogs,sap-commerce-cloud-2011-release-in-a-nutshell,,1
www.delaware.pro,en-be,blogs,sap-s-4-hana-on-premise-ou-dans-le-cloud-lequel-choisir,,1
www.delaware.pro,en-be,blogs,sap-successfactors-people-analytics-bringing-data-insights-to-hr,,1
www.delaware.pro,en-be,blogs,sap-upscale-commerce-the-next-big-thing-in-b2c,,1
www.delaware.pro,en-be,blogs,security-and-remote-working-fighting-the-other-pandemic,,1
www.delaware.pro,en-be,blogs,seeing-is-believing-why-you-need-to-trial-s-4hana,,1
www.delaware.pro,en-be,blogs,setting-up-a-crisis-proof-b2b-e-commerce-platform,,1
www.delaware.pro,en-be,blogs,shaping-the-future-of-hr-an-immersive-delaware-event,,1
www.delaware.pro,en-be,blogs,sharebox-going-beyond-ms-teams-to-enhance-collaboration,,1
www.delaware.pro,en-be,blogs,simulation-in-vena-webinar-recap,,1
www.delaware.pro,en-be,blogs,supply-chains-are-at-risk-how-to-get-the-most-out-of-your-s-op-tool,,1
www.delaware.pro,en-be,blogs,the-3-cs-of-successful-leadership-in-change-management,,1
www.delaware.pro,en-be,blogs,the-bedrock-of-sustainability-at-delaware,,1
www.delaware.pro,en-be,blogs,the-cfo-as-strategic-partner-from-insights-to-actions,,1
www.delaware.pro,en-be,blogs,the-data-lakehouse-as-your-platform-to-the-future,,1
www.delaware.pro,en-be,blogs,the-employee-journey-empower-your-team-to-delight-your-customer,,1
www.delaware.pro,en-be,blogs,the-erp-crm-connection-s-4hana-and-salesforce-integration-made-easy,,1
www.delaware.pro,en-be,blogs,the-fast-track-to-industry-4-0-getting-started,,1
www.delaware.pro,en-be,blogs,the-future-of-marketing--intimacy-leads-to-innovation,,1
www.delaware.pro,en-be,blogs,the-hybrid-future-of-the-it-services-provider,,1
www.delaware.pro,en-be,blogs,the-importance-of-data-archiving,,1
www.delaware.pro,en-be,blogs,the-new-cfo-office-4-steps-to-transformation,,1
www.delaware.pro,en-be,blogs,the-next-generation-fusion-organization-why-the-it-department-must-go,,1
www.delaware.pro,en-be,blogs,the-reality-of-ransomware-as-a-service-everyone-is-a-target,,1
www.delaware.pro,en-be,blogs,the-self-driven-back-office-the-road-to-efficiency-and-efficacy,,1
www.delaware.pro,en-be,blogs,the-self-driven-supply-chain-what-it-is-and-why-you-should-care,,1
www.delaware.pro,en-be,blogs,the-smart-digital-workplace-as-employee-experience-reinforcement-tool,,1
www.delaware.pro,en-be,blogs,the-things-weve-learned-from-a-decade-of-content-marketing-partnership,,1
www.delaware.pro,en-be,blogs,three-things-you-didnt-know-about-the-worlds-largest-solar-car-race,,1
www.delaware.pro,en-be,blogs,transformation-without-communication-is-a-recipe-for-disaster,,1
www.delaware.pro,en-be,blogs,turn-compliance-into-an-opportunity-with-the-support-of-technology,,1
www.delaware.pro,en-be,blogs,turning-a-town-into-a-smart-city-would-you-help,,1
www.delaware.pro,en-be,blogs,unlocking-innovation-with-dynamics,,1
www.delaware.pro,en-be,blogs,unlocking-the-self-driven-back-office-through-ai-and-sap-irpa,,1
www.delaware.pro,en-be,blogs,updated-finance-digital-transformation-roadmap-8-reasons-to-download,,1
www.delaware.pro,en-be,blogs,user-adoption-roi-and-the-benefits-in-playing-the-long-game,,1
www.delaware.pro,en-be,blogs,video-dare-to-get-started-agoria-and-delaware-experts-discuss-industry-4,,1
www.delaware.pro,en-be,blogs,webinar-recap-how-vena-supports-cost-to-serve-analysis,,1
www.delaware.pro,en-be,blogs,what-about-the-care-metric,,1
www.delaware.pro,en-be,blogs,what-ai-can-mean-to-hr-time-for-a-reality-check,,1
www.delaware.pro,en-be,blogs,what-does-a-solid-e-invoicing-solution-look-like,,1
www.delaware.pro,en-be,blogs,what-finance-should-be-but-rarely-is,,1
www.delaware.pro,en-be,blogs,what-stage-are-we-at-with-digitizing-hr-in-flanders--a-status-report,,1
www.delaware.pro,en-be,blogs,what-to-look-for-in-a-new-learning-management-system,,1
www.delaware.pro,en-be,blogs,whats-new-in-sap-marketing-cloud-version-2005,,1
www.delaware.pro,en-be,blogs,why-companies-often-fail-to-get-the-most-out-of-industry-4,,1
www.delaware.pro,en-be,blogs,why-data-analytics-is-80-about-people,,1
www.delaware.pro,en-be,blogs,why-go-beyond-customer-experience,,1
www.delaware.pro,en-be,blogs,why-i-have-to-step-down-as-ceo,,1
www.delaware.pro,en-be,blogs,why-is-social-selling-different-from-hard-sales,,1
www.delaware.pro,en-be,blogs,why-low-code-rad-is-taking-flight-heres-what-you-should-know,,1
www.delaware.pro,en-be,blogs,why-microsoft-azure-is-the-best-cloud-solution-for-sap,,1
www.delaware.pro,en-be,blogs,why-skipping-marketing-budget-in-times-of-crisis-is-a-bad-idea,,1
www.delaware.pro,en-be,blogs,why-use-stories-for-social-media-content-marketing,,1
www.delaware.pro,en-be,blogs,why-we-should-introduce-network-thinking-in-it-change-communication-projects,,1
www.delaware.pro,en-be,blogs,why-you-should-already-start-planning-your-company-snow-trip-now,,1
www.delaware.pro,en-be,blogs,why-your-business-will-move-to-the-cloud,,1
www.delaware.pro,en-be,blogs,will-pepper-seduce-your-customers,,1
www.delaware.pro,en-be,blogs,will-we-replace-the-human-in-human-resources,,1
www.delaware.pro,en-be,blogs,workplace-of-the-future-a-business-strategy,,1
www.delaware.pro,en-be,careers,,,1
www.delaware.pro,en-be,careers,benefits-and-rewards,,1
www.delaware.pro,en-be,careers,blog,diversity-is-driving-the-agoria-solar-team-forward,1
www.delaware.pro,en-be,careers,blog,delaware-international-mobility-expats,1
www.delaware.pro,en-be,careers,blog,bridging-the-gap-between-business-and-it,1
www.delaware.pro,en-be,careers,blog,a-day-in-the-life-of-a-cloud-and-infrastructure-engineer,1
www.delaware.pro,en-be,careers,blog,3-tips-applying-pandemic,1
www.delaware.pro,en-be,careers,blog,2022-delaware-student-game,1
www.delaware.pro,en-be,careers,blog,,1
www.delaware.pro,en-be,careers,blog,delaware-more-than-the-employer-who-pays-the-wages,1
www.delaware.pro,en-be,careers,blog,get-to-know-delaware-facts-figures,1
www.delaware.pro,en-be,careers,blog,how-we-at-delaware-break-the-bias-international-womens-day,1
www.delaware.pro,en-be,careers,blog,we-care-do-you,1
www.delaware.pro,en-be,careers,blog,there-is-something-about-our-microsoft-dynamics-colleagues,1
www.delaware.pro,en-be,careers,blog,the-starters-initiative-makes-new-peopleofdelaware-feel-right-at-home,1
www.delaware.pro,en-be,careers,blog,the-different-roads-to-microsoft-dynamics-development,1
www.delaware.pro,en-be,careers,blog,the-delaware-benefit-concert,1
www.delaware.pro,en-be,careers,blog,the-2021-delaware-student-game,1
www.delaware.pro,en-be,careers,blog,switching-careers-christophe-leads-the-way,1
www.delaware.pro,en-be,careers,blog,stephanie-tuenters-delaware-story,1
www.delaware.pro,en-be,careers,blog,starting-at-delaware-our-famous-bootcamp-for-rookies,1
www.delaware.pro,en-be,careers,blog,software-is-in-our-dna,1
www.delaware.pro,en-be,careers,blog,sap-and-microsoft-go-hand-in-hand-in-this-digital-learning-environment,1
www.delaware.pro,en-be,careers,blog,planting-trees-growing-careers,1
www.delaware.pro,en-be,careers,blog,personal-stories-of-our-d-i-ambassadors,1
www.delaware.pro,en-be,careers,blog,our-company-as-an-investment-in-future-generations,1
www.delaware.pro,en-be,careers,blog,microsoft-gold-partner-what-does-this-mean-to-our-employees,1
www.delaware.pro,en-be,careers,blog,meet-piet-vanwolleghem,1
www.delaware.pro,en-be,careers,blog,international-womens-day,1
www.delaware.pro,en-be,careers,company-culture,,1
www.delaware.pro,en-be,careers,consultancy,,1
www.delaware.pro,en-be,careers,corporate-social-responsibility,,1
www.delaware.pro,en-be,careers,diversity-and-inclusion,,1
www.delaware.pro,en-be,careers,employee-events,,1
www.delaware.pro,en-be,careers,fields-of-expertise,marketing-communication,1
www.delaware.pro,en-be,careers,fields-of-expertise,supply-chain-operations,1
www.delaware.pro,en-be,careers,fields-of-expertise,software-development,1
www.delaware.pro,en-be,careers,fields-of-expertise,internal-positions,1
www.delaware.pro,en-be,careers,fields-of-expertise,information-management,1
www.delaware.pro,en-be,careers,fields-of-expertise,hr-technology,1
www.delaware.pro,en-be,careers,fields-of-expertise,finance,1
www.delaware.pro,en-be,careers,fields-of-expertise,data-and-ai,1
www.delaware.pro,en-be,careers,fields-of-expertise,cloud-infrastructure,1
www.delaware.pro,en-be,careers,fields-of-expertise,,1
www.delaware.pro,en-be,careers,internships,,1
www.delaware.pro,en-be,careers,jobs,sap-warehouse-management-consultant,1
www.delaware.pro,en-be,careers,jobs,junior-technical-consultant,1
www.delaware.pro,en-be,careers,jobs,junior-ms-integration-consultant,1
www.delaware.pro,en-be,careers,jobs,junior-functional-data-consultant,1
www.delaware.pro,en-be,careers,jobs,junior-functional-consultant,1
www.delaware.pro,en-be,careers,jobs,junior-devops-engineer,1
www.delaware.pro,en-be,careers,jobs,finance-project-administrator,1
www.delaware.pro,en-be,careers,jobs,dbe-junior-supply-chain-it-consultant,1
www.delaware.pro,en-be,careers,jobs,dbe-junior-sap-development-integration-engineer,1
www.delaware.pro,en-be,careers,jobs,dbe-junior-net-developer,1
www.delaware.pro,en-be,careers,jobs,dbe-junior-hr-it-consultant,1
www.delaware.pro,en-be,careers,jobs,dbe-junior-finance-it-consultant,1
www.delaware.pro,en-be,careers,jobs,dbe-junior-crm-it-consultant,1
www.delaware.pro,en-be,careers,jobs,dbe-junior-cloud-infrastructure-engineer,1
www.delaware.pro,en-be,careers,jobs,dbe-internship,1
www.delaware.pro,en-be,careers,jobs,,1
www.delaware.pro,en-be,careers,junior,,1
www.delaware.pro,en-be,careers,learning-development,,1
www.delaware.pro,en-be,careers,onboarding,,1
www.delaware.pro,en-be,careers,our-locations,,1
www.delaware.pro,en-be,careers,projects,,1
www.delaware.pro,en-be,careers,recruitment,,1
www.delaware.pro,en-be,careers,technology,,1
www.delaware.pro,en-be,careers,values,,1
www.delaware.pro,en-be,contact,,,1
www.delaware.pro,en-be,events,,,1
www.delaware.pro,en-be,events,dfund-arena-fall-edition,,1
www.delaware.pro,en-be,events,immersion-workshop-analytics,,1
www.delaware.pro,en-be,events,inspiration-event,,1
www.delaware.pro,en-be,events,salesforce-live,,1
www.delaware.pro,en-be,events,successfactors-1h-spring-release-webinar,,1
www.delaware.pro,en-be,events,vena-webinar-series,,1
www.delaware.pro,en-be,events,virtual-inspiration-event-bis,,1
www.delaware.pro,en-be,events,webinar-sap-erp-security,,1
www.delaware.pro,en-be,events,workshop-github-security,,1
www.delaware.pro,en-be,find-an-office,,,1
www.delaware.pro,en-be,get-in-touch,,,1
www.delaware.pro,en-be,info,next-generation-business-applications,,1
www.delaware.pro,en-be,legal,cookie-policy,,1
www.delaware.pro,en-be,legal,privacy,,1
www.delaware.pro,en-be,legal,responsible-disclosure,,1
www.delaware.pro,en-be,legal,terms-of-use,,1
www.delaware.pro,en-be,news,,,1
www.delaware.pro,en-be,news,delaware-is-recognized-by-voka-as-a-sustainable-organization,,1
www.delaware.pro,en-be,news,delaware-receives-the-unitar-sdg-pioneer-certificate,,1
www.delaware.pro,en-be,news,delaware-renews-microsoft-gold-partnership-and-azure-expert-msp,,1
www.delaware.pro,en-be,news,delaware-strengthens-its-senior-leadership,,1
www.delaware.pro,en-be,news,delaware-welcomes-3000th-employee-worldwide,,1
www.delaware.pro,en-be,news,isothermos-takes-fast-track-to-the-future-with-microsoft-business-central,,1
www.delaware.pro,en-be,news,lauterbach-and-delaware-join-forces-to-increase-global-footprint-in-print-packaging,,1
www.delaware.pro,en-be,news,scalefactory-accelerates-growth-ambitions-via-close-collaboration-with-delaware,,1
www.delaware.pro,en-be,news,synergrid-and-delaware-are-building-the-iot-energy-platform-of-tomorrow,,1
www.delaware.pro,en-be,request-for,,,1
www.delaware.pro,en-be,solutions,,,1
www.delaware.pro,en-be,solutions,applied-innovation,,1
www.delaware.pro,en-be,solutions,aprimo,,1
www.delaware.pro,en-be,solutions,augmented-reality,,1
www.delaware.pro,en-be,solutions,automotive,,1
www.delaware.pro,en-be,solutions,blockchain-technology,,1
www.delaware.pro,en-be,solutions,boost-your-sme,,1
www.delaware.pro,en-be,solutions,chatbots,,1
www.delaware.pro,en-be,solutions,cloud-computing,,1
www.delaware.pro,en-be,solutions,data-driven-organization,,1
www.delaware.pro,en-be,solutions,data-management-and-governance,,1
www.delaware.pro,en-be,solutions,data-science,,1
www.delaware.pro,en-be,solutions,databricks,,1
www.delaware.pro,en-be,solutions,digital-transformation-strategy,,1
www.delaware.pro,en-be,solutions,digizuite,,1
www.delaware.pro,en-be,solutions,discrete-manufacturing,,1
www.delaware.pro,en-be,solutions,effortless-experience,,1
www.delaware.pro,en-be,solutions,engineering-projects,,1
www.delaware.pro,en-be,solutions,enterprise-asset-management,,1
www.delaware.pro,en-be,solutions,extended-reality-xr,,1
www.delaware.pro,en-be,solutions,field-services,,1
www.delaware.pro,en-be,solutions,finance,,1
www.delaware.pro,en-be,solutions,finance,robotic-process-automation,1
www.delaware.pro,en-be,solutions,finance,controlling-and-reporting,1
www.delaware.pro,en-be,solutions,finance,cfo-transformation-roadmap,1
www.delaware.pro,en-be,solutions,food,meat-and-fish,1
www.delaware.pro,en-be,solutions,food,fruits-and-vegetables,1
www.delaware.pro,en-be,solutions,food,food-wholesale,1
www.delaware.pro,en-be,solutions,food,dairy,1
www.delaware.pro,en-be,solutions,food,chocolate-and-sweets,1
www.delaware.pro,en-be,solutions,food,bulk-whole-ingredients-and-process-milling,1
www.delaware.pro,en-be,solutions,food,bread-biscuits-pasta,1
www.delaware.pro,en-be,solutions,food,beverage,1
www.delaware.pro,en-be,solutions,food,,1
www.delaware.pro,en-be,solutions,gdpr-profile-stores,,1
www.delaware.pro,en-be,solutions,global-trade,,1
www.delaware.pro,en-be,solutions,harnessing-the-chemistry-of-digital-transformation,,1
www.delaware.pro,en-be,solutions,healthcare,,1
www.delaware.pro,en-be,solutions,hubspot,,1
www.delaware.pro,en-be,solutions,industry-4-0,,1
www.delaware.pro,en-be,solutions,infrastructure-as-a-service,,1
www.delaware.pro,en-be,solutions,inriver,,1
www.delaware.pro,en-be,solutions,internet-of-things,,1
www.delaware.pro,en-be,solutions,invoice-management,,1
www.delaware.pro,en-be,solutions,isabel,,1
www.delaware.pro,en-be,solutions,it,integration,1
www.delaware.pro,en-be,solutions,it,enterprise-architecture,1
www.delaware.pro,en-be,solutions,it,data-and-analytics,1
www.delaware.pro,en-be,solutions,it,cyber-security-protect-your-data,1
www.delaware.pro,en-be,solutions,it,application-management-services,1
www.delaware.pro,en-be,solutions,it,,1
www.delaware.pro,en-be,solutions,kentico,,1
www.delaware.pro,en-be,solutions,life-science,,1
www.delaware.pro,en-be,solutions,lot-size-one,,1
www.delaware.pro,en-be,solutions,low-code-rapid-application-development,,1
www.delaware.pro,en-be,solutions,master-data-management,,1
www.delaware.pro,en-be,solutions,mendix,,1
www.delaware.pro,en-be,solutions,microsoft,microsoft-teams,1
www.delaware.pro,en-be,solutions,microsoft,microsoft-power-bi,1
www.delaware.pro,en-be,solutions,microsoft,microsoft-dynamics-365-business-central,1
www.delaware.pro,en-be,solutions,microsoft,microsoft-dynamics-365,1
www.delaware.pro,en-be,solutions,microsoft,microsoft-cortana-intelligence,1
www.delaware.pro,en-be,solutions,microsoft,microsoft-biztalk-logic-apps,1
www.delaware.pro,en-be,solutions,microsoft,microsoft-azure-purview,1
www.delaware.pro,en-be,solutions,microsoft,microsoft-azure,1
www.delaware.pro,en-be,solutions,microsoft,,1
www.delaware.pro,en-be,solutions,microsoft,office-365,1
www.delaware.pro,en-be,solutions,new-features-successfactors,,1
www.delaware.pro,en-be,solutions,office-productivity,,1
www.delaware.pro,en-be,solutions,opentext,,1
www.delaware.pro,en-be,solutions,operations,strategic-sourcing,1
www.delaware.pro,en-be,solutions,operations,smart-warehouse,1
www.delaware.pro,en-be,solutions,operations,smart-maintenance,1
www.delaware.pro,en-be,solutions,operations,next-generation-business-applications,1
www.delaware.pro,en-be,solutions,operations,information-management,1
www.delaware.pro,en-be,solutions,operations,advanced-planning,1
www.delaware.pro,en-be,solutions,operations,,1
www.delaware.pro,en-be,solutions,optimizely,,1
www.delaware.pro,en-be,solutions,outsystems,,1
www.delaware.pro,en-be,solutions,people,work-automation,1
www.delaware.pro,en-be,solutions,people,people-operations,1
www.delaware.pro,en-be,solutions,people,people-dynamics,1
www.delaware.pro,en-be,solutions,people,employee-workhub,1
www.delaware.pro,en-be,solutions,people,continuous-learning,1
www.delaware.pro,en-be,solutions,people,change-management,1
www.delaware.pro,en-be,solutions,people,,1
www.delaware.pro,en-be,solutions,print-and-packaging,value-and-security-printing,1
www.delaware.pro,en-be,solutions,print-and-packaging,online-printing-finishing,1
www.delaware.pro,en-be,solutions,print-and-packaging,leaflets-booklets-and-labels,1
www.delaware.pro,en-be,solutions,print-and-packaging,individual-print-and-services,1
www.delaware.pro,en-be,solutions,print-and-packaging,folding-carton-pos-displays,1
www.delaware.pro,en-be,solutions,print-and-packaging,flexible-packaging,1
www.delaware.pro,en-be,solutions,print-and-packaging,decor-painting-coating,1
www.delaware.pro,en-be,solutions,print-and-packaging,corrugated-packaging,1
www.delaware.pro,en-be,solutions,print-and-packaging,,1
www.delaware.pro,en-be,solutions,professional-services,,1
www.delaware.pro,en-be,solutions,retail-and-consumer-markets,,1
www.delaware.pro,en-be,solutions,sales-and-marketing,accelerate-transform,1
www.delaware.pro,en-be,solutions,sales-and-marketing,,1
www.delaware.pro,en-be,solutions,sales-and-marketing,customer-moments,1
www.delaware.pro,en-be,solutions,sales-and-marketing,digital-orchestration,1
www.delaware.pro,en-be,solutions,sales-and-marketing,strategy-and-insights,1
www.delaware.pro,en-be,solutions,sales-and-marketing,single-source-of-truth,1
www.delaware.pro,en-be,solutions,sales-and-marketing,omnichannel-experience,1
www.delaware.pro,en-be,solutions,salesforce,salesforce-einstein,1
www.delaware.pro,en-be,solutions,salesforce,salesforce-b2b-commerce,1
www.delaware.pro,en-be,solutions,salesforce,,1
www.delaware.pro,en-be,solutions,sap,sap-successfactors,1
www.delaware.pro,en-be,solutions,sap,sap-s4hana-migration,1
www.delaware.pro,en-be,solutions,sap,sap-s4hana-cloud,1
www.delaware.pro,en-be,solutions,sap,sap-s4hana,1
www.delaware.pro,en-be,solutions,sap,sap-qualtrics,1
www.delaware.pro,en-be,solutions,sap,sap-po-cpi,1
www.delaware.pro,en-be,solutions,sap,sap-on-azure,1
www.delaware.pro,en-be,solutions,sap,sap-mii,1
www.delaware.pro,en-be,solutions,sap,sap-litmos,1
www.delaware.pro,en-be,solutions,sap,sap-leonardo,1
www.delaware.pro,en-be,solutions,sap,sap-integrated-business-planning,1
www.delaware.pro,en-be,solutions,sap,sap-fiori,1
www.delaware.pro,en-be,solutions,sap,sap-cx,1
www.delaware.pro,en-be,solutions,sap,sap-concur,1
www.delaware.pro,en-be,solutions,sap,sap-cloud-platform,1
www.delaware.pro,en-be,solutions,sap,sap-business-bydesign,1
www.delaware.pro,en-be,solutions,sap,sap-ariba,1
www.delaware.pro,en-be,solutions,sap,sap-analytics-cloud,1
www.delaware.pro,en-be,solutions,sap,rise-with-sap-shine-with-delaware,1
www.delaware.pro,en-be,solutions,sap,,1
www.delaware.pro,en-be,solutions,showpad,,1
www.delaware.pro,en-be,solutions,sitecore,,1
www.delaware.pro,en-be,solutions,textiles,,1
www.delaware.pro,en-be,solutions,transportation-management,,1
www.delaware.pro,en-be,solutions,utilities,,1
www.delaware.pro,en-be,solutions,vena,,1
www.delaware.pro,en-be,solutions,virto-commerce,,1
www.delaware.pro,en-be,solutions,virtual-reality,,1
www.delaware.pro,en-be,solutions,visual-analytics,,1
www.delaware.pro,en-be,solutions,your-digital-workplace,,1
www.delaware.pro,en-be,stories,,,1
www.delaware.pro,en-be,stories,150-year-old-industry-unlocks-future-proof-invoicing-with-sap-vim,,1
www.delaware.pro,en-be,stories,25-successful-rpa-cases--umicore-whats-the-secret-formula,,1
www.delaware.pro,en-be,stories,a-solid-strategy-for-security,,1
www.delaware.pro,en-be,stories,agristos-move-to-s-4hana-a-complete-business-transformation,,1
www.delaware.pro,en-be,stories,alpro-protects-its-lone-workers-with-ai-technology,,1
www.delaware.pro,en-be,stories,aveve-customer-first,,1
www.delaware.pro,en-be,stories,bekaert-and-delaware-explore-how-xr-can-optimize-the-production-process,,1
www.delaware.pro,en-be,stories,bekaertdeslee-speeds-up-employee-onboarding-with-sap-successfactors-and-azure-active-directory,,1
www.delaware.pro,en-be,stories,bmt-enriches-strategic-decisions-with-sap-management-reporting,,1
www.delaware.pro,en-be,stories,compressing-space-and-time-smart-maintenance-at-atlas-copco,,1
www.delaware.pro,en-be,stories,daikin-support-for-excellence,,1
www.delaware.pro,en-be,stories,de-watergroep-making-reporting-waterproof,,1
www.delaware.pro,en-be,stories,deme-introduces-new-digital-platform-to-optimize-business-processes,,1
www.delaware.pro,en-be,stories,dream-big-act-smart-manna-foods-dreams-big-with-delaware,,1
www.delaware.pro,en-be,stories,emmaus-anchors-the-strength-of-a-healthcare-network-in-shared-strategy,,1
www.delaware.pro,en-be,stories,fabory-hooks-webshop-customers-with-advanced-assortment-management,,1
www.delaware.pro,en-be,stories,fluvius-brings-logistics-management-to-the-mobile-era-with-sap-s-4hana,,1
www.delaware.pro,en-be,stories,from-bi-to-insights-to-predictive-and-prescriptive-analysis--data-is-the-holy-grail-at-tnt,,1
www.delaware.pro,en-be,stories,ghents-university-hospital-can-focus-on-the-patient,,1
www.delaware.pro,en-be,stories,global-mineral-firm-lhoist-launches-office-365-and-sharebox,,1
www.delaware.pro,en-be,stories,how-barco-and-qualtrics-enable-bright-outcomes-through-experience-management,,1
www.delaware.pro,en-be,stories,how-change-management-helps-to-make-every-drop-count-at-de-watergroep,,1
www.delaware.pro,en-be,stories,how-sap-s-4hana-boosts-the-financial-health-of-az-delta-hospital,,1
www.delaware.pro,en-be,stories,how-scalefactory-made-gighouses-app-more-scalable,,1
www.delaware.pro,en-be,stories,how-wm-supplies-new-b2b-portal-can-help-others-boost-customer-experience,,1
www.delaware.pro,en-be,stories,jll-gets-closer-to-its-customers-thanks-to-a-glocalized-version-of-dynamics-crm,,1
www.delaware.pro,en-be,stories,netafim-builds-loyalty-driven-customer-relationships-based-on-effortless-experiences,,1
www.delaware.pro,en-be,stories,niko-switches-to-ai-driven-quality-control-with-robovision,,1
www.delaware.pro,en-be,stories,novares-chooses-delaware-to-move-its-sap-to-microsoft-azure,,1
www.delaware.pro,en-be,stories,ordering-online-at-la-lorraine-bakery-group-is-a-piece-of-cake,,1
www.delaware.pro,en-be,stories,petrochem-leader-ineos-fosters-digital-collaboration-with-sharebox,,1
www.delaware.pro,en-be,stories,protecting-1-million-people-how-salesforce-reinforces-vandeputtes-vision,,1
www.delaware.pro,en-be,stories,pss-chooses-for-the-next-generation-of-performance,,1
www.delaware.pro,en-be,stories,quick-step-a-solid-base-for-future-proof-customer-engagement,,1
www.delaware.pro,en-be,stories,real-time-results-for-reporting-at-tcr,,1
www.delaware.pro,en-be,stories,s-4hana-public-cloud-success-story-at-topcon-positioning-europe,,1
www.delaware.pro,en-be,stories,sap-brings-real-time-finance-insight-to-improve-business-at-van-marcke,,1
www.delaware.pro,en-be,stories,sap-on-azure-brings-the-best-of-both-worlds-to-renson,,1
www.delaware.pro,en-be,stories,sap-s-4hana-the-key-to-faster-more-value-adding-reporting-at-animalcare-group,,1
www.delaware.pro,en-be,stories,streamlined-budgeting-underpins-further-growth-at-argenta,,1
www.delaware.pro,en-be,stories,video-autoneum-sap-goals-with-ams,,1
www.delaware.pro,en-be,stories,video-delaware-collaborates-with-nanotech-leader-imec-to-create-a-custom-digital-workplace-hub,,1
www.delaware.pro,en-be,stories,video-rfid-plastivaloire-industry-4-0,,1
www.delaware.pro,en-be,stories,video-schreder-a-guiding-light-in-ar-configuration-and-vr,,1
www.delaware.pro,en-be,stories,wienerberger-accelerates-its-digital-transformation-to-engage-its-customers,,1
www.delaware.pro,en-be,ventures,,,1
www.delaware.pro,en-be,ventures,apply,,1
www.delaware.pro,en-be,ventures,how-to-apply,,1
www.delaware.pro,en-be,ventures,stories,fixform,1
www.delaware.pro,en-be,ventures,stories,dscribe,1
www.delaware.pro,en-be,ventures,stories,24flow-is-a-next-gen-shopfloor-and-manufacturing-platform,1
www.delaware.pro,en-be,ventures,stories,,1
www.delaware.pro,en-be,ventures,stories,hydroware,1
